id,customer_name,customer_email,customer_address,total_amount,total_weight,status,date
1,Jacob,Jacob@name.email,4276 Harbour Beach Blvd Brigantine NM 08203,1,1,closed,2018-12-25
2,Timothy,Timothy@name.email,3907 Waring Rd Oceanside CA 92056,1,1,closed,2022-05-24
3,Paul,Paul@name.email,806 S Main St Columbia TN 38401,1,1,open,2022-11-18
4,Ronald,Ronald@name.email,1195 65th St Emeryville CA 94608,1,1,open,2023-07-09
5,Edward,Edward@name.email,382 3rd Ave New York ND 10016,1,1,closed,2019-01-24
6,Timothy,Timothy@name.email,3907 Waring Rd Oceanside CA 92056,1,1,closed,2018-03-28
7,Daniel,Daniel@name.email,10433 SE Carr Rd #338 Renton WA 98055,1,1,closed,2022-11-10
8,George,George@name.email,2320 Frank St Eau Claire WV 54703,1,1,open,2018-08-14
9,Ronald,Ronald@name.email,1195 65th St Emeryville CA 94608,1,1,closed,2023-12-20
10,Kenneth,Kenneth@name.email,3015 Pittsburgh Mills Blvd Tarentum PA 15084,1,1,open,2020-10-06
11,George,George@name.email,2320 Frank St Eau Claire WV 54703,1,1,closed,2020-02-27
12,Nicholas,Nicholas@name.email,3614 S 31st St Temple TX 76502,1,1,open,2018-10-12
13,Kenneth,Kenneth@name.email,3015 Pittsburgh Mills Blvd Tarentum PA 15084,1,1,open,2023-05-12
14,Charles,Charles@name.email,105 S Saginaw St Holly MI 48442,1,1,open,2023-02-11
15,Jeffrey,Jeffrey@name.email,3229 Old Goldie Rd Oak Harbor WA 98277,1,1,closed,2020-09-24
16,William,William@name.email,17611 NE 70th St # 101 Redmond WA 98052,1,1,closed,2021-11-26
17,Edward,Edward@name.email,382 3rd Ave New York ND 10016,1,1,open,2018-09-04
18,Robert,Robert@name.email,2010 Lincoln Way E Massillon OH 44646,1,1,open,2018-10-24
19,Steven,Steven@name.email,5408 Queens Chapel Rd Hyattsville MD 20782,1,1,open,2018-05-17
20,Ronald,Ronald@name.email,1195 65th St Emeryville CA 94608,1,1,open,2020-07-26
21,Thomas,Thomas@name.email,576 Ohio Ln Burr Ridge IN 60527,1,1,closed,2022-04-10
22,Paul,Paul@name.email,806 S Main St Columbia TN 38401,1,1,closed,2021-02-27
23,Matthew,Matthew@name.email,750 Stanyan St San Francisco CA 94117,1,1,open,2024-02-13
24,Richard,Richard@name.email,200 N 15th St # 8 Corsicana TX 75110,1,1,open,2024-04-16
25,Robert,Robert@name.email,2010 Lincoln Way E Massillon OH 44646,1,1,closed,2024-03-27
26,Jason,Jason@name.email,1545 Belcher Rd S Clearwater FL 33764,1,1,open,2018-10-20
27,Daniel,Daniel@name.email,10433 SE Carr Rd #338 Renton WA 98055,1,1,open,2021-12-10
28,Mark,Mark@name.email,11210 Hickory Trail Ln Charlotte NE 28277,1,1,open,2022-12-16
29,Paul,Paul@name.email,806 S Main St Columbia TN 38401,1,1,open,2023-12-07
30,Michael,Michael@name.email,12599 Grafton Rd Carleton MI 48117,1,1,open,2022-10-05
31,Ryan,Ryan@name.email,215 Annis Rd South Amherst OH 44001,1,1,closed,2018-10-01
32,Joshua,Joshua@name.email,121 Wakelon St Zebulon NE 27597,1,1,closed,2018-06-14
33,Edward,Edward@name.email,382 3rd Ave New York ND 10016,1,1,open,2022-11-13
34,Anthony,Anthony@name.email,2724 W Deyoung St Marion IN 62959,1,1,open,2023-11-23
35,Ronald,Ronald@name.email,1195 65th St Emeryville CA 94608,1,1,closed,2024-03-05
36,Mark,Mark@name.email,11210 Hickory Trail Ln Charlotte NE 28277,1,1,closed,2022-06-28
37,Timothy,Timothy@name.email,3907 Waring Rd Oceanside CA 92056,1,1,closed,2020-11-17
38,Michael,Michael@name.email,12599 Grafton Rd Carleton MI 48117,1,1,closed,2018-10-31
39,Christopher,Christopher@name.email,58080 Twentynine Palms Hwy Yucca Valley CA 92284,1,1,open,2019-07-03
40,Brian,Brian@name.email,107 Trosclair Ln Dulac LA 70353,1,1,closed,2022-07-09
41,Christopher,Christopher@name.email,58080 Twentynine Palms Hwy Yucca Valley CA 92284,1,1,closed,2018-04-07
42,Christopher,Christopher@name.email,58080 Twentynine Palms Hwy Yucca Valley CA 92284,1,1,open,2024-02-09
43,Andrew,Andrew@name.email,2914 M St NW Washington DE 20007,1,1,open,2021-12-18
44,Jeffrey,Jeffrey@name.email,3229 Old Goldie Rd Oak Harbor WA 98277,1,1,closed,2018-03-27
45,Brian,Brian@name.email,107 Trosclair Ln Dulac LA 70353,1,1,closed,2021-11-21
46,Eric,Eric@name.email,7590 Chippewa Rd Cleveland OH 44141,1,1,closed,2021-08-18
47,Christopher,Christopher@name.email,58080 Twentynine Palms Hwy Yucca Valley CA 92284,1,1,closed,2018-12-31
48,Timothy,Timothy@name.email,3907 Waring Rd Oceanside CA 92056,1,1,open,2023-07-29
49,Eric,Eric@name.email,7590 Chippewa Rd Cleveland OH 44141,1,1,closed,2022-06-20
50,Christopher,Christopher@name.email,58080 Twentynine Palms Hwy Yucca Valley CA 92284,1,1,open,2022-06-12
51,Jacob,Jacob@name.email,4276 Harbour Beach Blvd Brigantine NM 08203,1,1,closed,2020-05-07
52,Michael,Michael@name.email,12599 Grafton Rd Carleton MI 48117,1,1,closed,2020-12-07
53,George,George@name.email,2320 Frank St Eau Claire WV 54703,1,1,open,2023-05-12
54,David,David@name.email,2801 Interstate 20 Hudson Oaks TX 76087,1,1,open,2024-09-11
55,Kenneth,Kenneth@name.email,3015 Pittsburgh Mills Blvd Tarentum PA 15084,1,1,closed,2019-10-14
56,Nicholas,Nicholas@name.email,3614 S 31st St Temple TX 76502,1,1,open,2022-11-11
57,Brian,Brian@name.email,107 Trosclair Ln Dulac LA 70353,1,1,closed,2018-06-26
58,Kenneth,Kenneth@name.email,3015 Pittsburgh Mills Blvd Tarentum PA 15084,1,1,open,2021-01-10
59,Daniel,Daniel@name.email,10433 SE Carr Rd #338 Renton WA 98055,1,1,closed,2019-01-22
60,Anthony,Anthony@name.email,2724 W Deyoung St Marion IN 62959,1,1,closed,2023-08-17
61,Daniel,Daniel@name.email,10433 SE Carr Rd #338 Renton WA 98055,1,1,open,2019-03-21
62,Eric,Eric@name.email,7590 Chippewa Rd Cleveland OH 44141,1,1,open,2018-12-17
63,Steven,Steven@name.email,5408 Queens Chapel Rd Hyattsville MD 20782,1,1,open,2024-01-25
64,Kenneth,Kenneth@name.email,3015 Pittsburgh Mills Blvd Tarentum PA 15084,1,1,closed,2021-01-19
65,George,George@name.email,2320 Frank St Eau Claire WV 54703,1,1,open,2023-10-02
66,Michael,Michael@name.email,12599 Grafton Rd Carleton MI 48117,1,1,closed,2021-08-24
67,George,George@name.email,2320 Frank St Eau Claire WV 54703,1,1,open,2019-12-18
68,Andrew,Andrew@name.email,2914 M St NW Washington DE 20007,1,1,closed,2018-02-20
69,Joseph,Joseph@name.email,3200 Vegas Plaza Dr Las Vegas NC 89109,1,1,closed,2024-12-03
70,John,John@name.email,114 Henderson St Chapel Hill NE 27514,1,1,closed,2018-03-07
71,Steven,Steven@name.email,5408 Queens Chapel Rd Hyattsville MD 20782,1,1,closed,2024-10-03
72,Ryan,Ryan@name.email,215 Annis Rd South Amherst OH 44001,1,1,closed,2018-06-14
73,Daniel,Daniel@name.email,10433 SE Carr Rd #338 Renton WA 98055,1,1,open,2019-10-25
74,Donald,Donald@name.email,710 S Main St Mt Vernon OH 43050,1,1,closed,2024-01-21
75,Matthew,Matthew@name.email,750 Stanyan St San Francisco CA 94117,1,1,closed,2024-01-04
76,John,John@name.email,114 Henderson St Chapel Hill NE 27514,1,1,open,2018-05-14
77,Jason,Jason@name.email,1545 Belcher Rd S Clearwater FL 33764,1,1,closed,2018-09-11
78,Joshua,Joshua@name.email,121 Wakelon St Zebulon NE 27597,1,1,closed,2024-08-09
79,Daniel,Daniel@name.email,10433 SE Carr Rd #338 Renton WA 98055,1,1,open,2020-03-25
80,Timothy,Timothy@name.email,3907 Waring Rd Oceanside CA 92056,1,1,open,2024-05-19
81,Joseph,Joseph@name.email,3200 Vegas Plaza Dr Las Vegas NC 89109,1,1,open,2020-11-17
82,Matthew,Matthew@name.email,750 Stanyan St San Francisco CA 94117,1,1,closed,2022-08-14
83,David,David@name.email,2801 Interstate 20 Hudson Oaks TX 76087,1,1,open,2023-10-19
84,Brian,Brian@name.email,107 Trosclair Ln Dulac LA 70353,1,1,closed,2023-01-23
85,Kevin,Kevin@name.email,598 Madison Ave New York City ND 10022,1,1,open,2022-05-28
86,John,John@name.email,114 Henderson St Chapel Hill NE 27514,1,1,closed,2018-12-17
87,George,George@name.email,2320 Frank St Eau Claire WV 54703,1,1,closed,2022-02-25
88,Charles,Charles@name.email,105 S Saginaw St Holly MI 48442,1,1,open,2023-05-19
89,Brian,Brian@name.email,107 Trosclair Ln Dulac LA 70353,1,1,open,2020-04-23
90,Joshua,Joshua@name.email,121 Wakelon St Zebulon NE 27597,1,1,closed,2018-10-11
91,Jeffrey,Jeffrey@name.email,3229 Old Goldie Rd Oak Harbor WA 98277,1,1,closed,2020-07-14
92,Ryan,Ryan@name.email,215 Annis Rd South Amherst OH 44001,1,1,open,2019-07-08
93,Matthew,Matthew@name.email,750 Stanyan St San Francisco CA 94117,1,1,open,2020-03-21
94,Michael,Michael@name.email,12599 Grafton Rd Carleton MI 48117,1,1,open,2019-08-21
95,David,David@name.email,2801 Interstate 20 Hudson Oaks TX 76087,1,1,open,2022-11-22
96,John,John@name.email,114 Henderson St Chapel Hill NE 27514,1,1,open,2021-05-25
97,Thomas,Thomas@name.email,576 Ohio Ln Burr Ridge IN 60527,1,1,open,2019-10-18
98,Michael,Michael@name.email,12599 Grafton Rd Carleton MI 48117,1,1,closed,2022-04-04
99,Steven,Steven@name.email,5408 Queens Chapel Rd Hyattsville MD 20782,1,1,open,2021-04-30
100,Michael,Michael@name.email,12599 Grafton Rd Carleton MI 48117,1,1,open,2021-03-03
101,Daniel,Daniel@name.email,10433 SE Carr Rd #338 Renton WA 98055,1,1,closed,2019-11-15
102,Eric,Eric@name.email,7590 Chippewa Rd Cleveland OH 44141,1,1,closed,2020-01-25
103,Robert,Robert@name.email,2010 Lincoln Way E Massillon OH 44646,1,1,closed,2022-07-29
104,Jacob,Jacob@name.email,4276 Harbour Beach Blvd Brigantine NM 08203,1,1,open,2023-09-23
105,Andrew,Andrew@name.email,2914 M St NW Washington DE 20007,1,1,open,2020-04-21
106,William,William@name.email,17611 NE 70th St # 101 Redmond WA 98052,1,1,open,2018-05-15
107,Edward,Edward@name.email,382 3rd Ave New York ND 10016,1,1,closed,2018-04-29
108,Joshua,Joshua@name.email,121 Wakelon St Zebulon NE 27597,1,1,open,2022-06-18
109,Timothy,Timothy@name.email,3907 Waring Rd Oceanside CA 92056,1,1,closed,2021-01-05
110,Nicholas,Nicholas@name.email,3614 S 31st St Temple TX 76502,1,1,open,2020-05-03
111,Andrew,Andrew@name.email,2914 M St NW Washington DE 20007,1,1,open,2021-08-26
112,James,James@name.email,37273 some road realtown KS 69274,1,1,closed,2019-03-15
113,Steven,Steven@name.email,5408 Queens Chapel Rd Hyattsville MD 20782,1,1,open,2020-05-08
114,Edward,Edward@name.email,382 3rd Ave New York ND 10016,1,1,open,2020-05-19
115,Anthony,Anthony@name.email,2724 W Deyoung St Marion IN 62959,1,1,closed,2019-09-15
116,Paul,Paul@name.email,806 S Main St Columbia TN 38401,1,1,open,2024-03-29
117,James,James@name.email,37273 some road realtown KS 69274,1,1,open,2023-03-21
118,Charles,Charles@name.email,105 S Saginaw St Holly MI 48442,1,1,open,2020-07-14
119,Brian,Brian@name.email,107 Trosclair Ln Dulac LA 70353,1,1,open,2019-06-16
120,Matthew,Matthew@name.email,750 Stanyan St San Francisco CA 94117,1,1,open,2019-02-09
121,Joshua,Joshua@name.email,121 Wakelon St Zebulon NE 27597,1,1,closed,2024-10-16
122,Mark,Mark@name.email,11210 Hickory Trail Ln Charlotte NE 28277,1,1,closed,2022-06-20
123,Daniel,Daniel@name.email,10433 SE Carr Rd #338 Renton WA 98055,1,1,open,2023-11-17
124,Jason,Jason@name.email,1545 Belcher Rd S Clearwater FL 33764,1,1,open,2024-01-08
125,John,John@name.email,114 Henderson St Chapel Hill NE 27514,1,1,open,2024-02-22
126,Mark,Mark@name.email,11210 Hickory Trail Ln Charlotte NE 28277,1,1,open,2021-03-21
127,Kenneth,Kenneth@name.email,3015 Pittsburgh Mills Blvd Tarentum PA 15084,1,1,open,2023-11-29
128,Ryan,Ryan@name.email,215 Annis Rd South Amherst OH 44001,1,1,closed,2024-08-10
129,Christopher,Christopher@name.email,58080 Twentynine Palms Hwy Yucca Valley CA 92284,1,1,closed,2023-08-11
130,Nicholas,Nicholas@name.email,3614 S 31st St Temple TX 76502,1,1,open,2024-03-10
131,George,George@name.email,2320 Frank St Eau Claire WV 54703,1,1,open,2020-01-27
132,Joseph,Joseph@name.email,3200 Vegas Plaza Dr Las Vegas NC 89109,1,1,open,2024-12-18
133,William,William@name.email,17611 NE 70th St # 101 Redmond WA 98052,1,1,closed,2020-10-28
134,Edward,Edward@name.email,382 3rd Ave New York ND 10016,1,1,closed,2019-11-02
135,George,George@name.email,2320 Frank St Eau Claire WV 54703,1,1,closed,2024-08-19
136,George,George@name.email,2320 Frank St Eau Claire WV 54703,1,1,open,2023-08-24
137,Brian,Brian@name.email,107 Trosclair Ln Dulac LA 70353,1,1,open,2023-09-16
138,Paul,Paul@name.email,806 S Main St Columbia TN 38401,1,1,open,2018-10-10
139,Jason,Jason@name.email,1545 Belcher Rd S Clearwater FL 33764,1,1,closed,2019-06-21
140,Robert,Robert@name.email,2010 Lincoln Way E Massillon OH 44646,1,1,closed,2019-10-13
141,Ryan,Ryan@name.email,215 Annis Rd South Amherst OH 44001,1,1,open,2019-01-12
142,Michael,Michael@name.email,12599 Grafton Rd Carleton MI 48117,1,1,closed,2021-11-07
143,Andrew,Andrew@name.email,2914 M St NW Washington DE 20007,1,1,open,2019-06-11
144,Kenneth,Kenneth@name.email,3015 Pittsburgh Mills Blvd Tarentum PA 15084,1,1,closed,2024-12-09
145,Eric,Eric@name.email,7590 Chippewa Rd Cleveland OH 44141,1,1,open,2019-01-09
146,Thomas,Thomas@name.email,576 Ohio Ln Burr Ridge IN 60527,1,1,open,2023-04-11
147,John,John@name.email,114 Henderson St Chapel Hill NE 27514,1,1,closed,2018-01-18
148,Edward,Edward@name.email,382 3rd Ave New York ND 10016,1,1,closed,2021-06-24
149,Jacob,Jacob@name.email,4276 Harbour Beach Blvd Brigantine NM 08203,1,1,closed,2022-06-07
150,Matthew,Matthew@name.email,750 Stanyan St San Francisco CA 94117,1,1,closed,2024-09-09
151,Joseph,Joseph@name.email,3200 Vegas Plaza Dr Las Vegas NC 89109,1,1,closed,2020-08-25
152,Jeffrey,Jeffrey@name.email,3229 Old Goldie Rd Oak Harbor WA 98277,1,1,closed,2019-06-18
153,Robert,Robert@name.email,2010 Lincoln Way E Massillon OH 44646,1,1,open,2020-12-12
154,Donald,Donald@name.email,710 S Main St Mt Vernon OH 43050,1,1,closed,2019-08-17
155,Edward,Edward@name.email,382 3rd Ave New York ND 10016,1,1,open,2024-01-30
156,George,George@name.email,2320 Frank St Eau Claire WV 54703,1,1,closed,2020-05-23
157,Christopher,Christopher@name.email,58080 Twentynine Palms Hwy Yucca Valley CA 92284,1,1,closed,2024-07-08
158,Kevin,Kevin@name.email,598 Madison Ave New York City ND 10022,1,1,closed,2021-05-18
159,Eric,Eric@name.email,7590 Chippewa Rd Cleveland OH 44141,1,1,open,2018-07-11
160,Matthew,Matthew@name.email,750 Stanyan St San Francisco CA 94117,1,1,closed,2023-05-31
161,Joshua,Joshua@name.email,121 Wakelon St Zebulon NE 27597,1,1,closed,2019-11-06
162,Thomas,Thomas@name.email,576 Ohio Ln Burr Ridge IN 60527,1,1,closed,2024-05-11
163,Michael,Michael@name.email,12599 Grafton Rd Carleton MI 48117,1,1,open,2018-07-12
164,Charles,Charles@name.email,105 S Saginaw St Holly MI 48442,1,1,closed,2024-06-15
165,Nicholas,Nicholas@name.email,3614 S 31st St Temple TX 76502,1,1,open,2020-01-16
166,Jacob,Jacob@name.email,4276 Harbour Beach Blvd Brigantine NM 08203,1,1,open,2019-11-26
167,David,David@name.email,2801 Interstate 20 Hudson Oaks TX 76087,1,1,open,2024-12-04
168,George,George@name.email,2320 Frank St Eau Claire WV 54703,1,1,closed,2022-12-27
169,Joseph,Joseph@name.email,3200 Vegas Plaza Dr Las Vegas NC 89109,1,1,closed,2021-03-13
170,Joseph,Joseph@name.email,3200 Vegas Plaza Dr Las Vegas NC 89109,1,1,closed,2024-01-09
171,Nicholas,Nicholas@name.email,3614 S 31st St Temple TX 76502,1,1,closed,2018-05-14
172,Michael,Michael@name.email,12599 Grafton Rd Carleton MI 48117,1,1,closed,2022-05-30
173,George,George@name.email,2320 Frank St Eau Claire WV 54703,1,1,closed,2019-09-05
174,Steven,Steven@name.email,5408 Queens Chapel Rd Hyattsville MD 20782,1,1,open,2019-12-04
175,James,James@name.email,37273 some road realtown KS 69274,1,1,closed,2019-09-14
176,Andrew,Andrew@name.email,2914 M St NW Washington DE 20007,1,1,open,2023-10-06
177,William,William@name.email,17611 NE 70th St # 101 Redmond WA 98052,1,1,closed,2023-07-06
178,Joseph,Joseph@name.email,3200 Vegas Plaza Dr Las Vegas NC 89109,1,1,open,2022-07-14
179,Michael,Michael@name.email,12599 Grafton Rd Carleton MI 48117,1,1,open,2022-02-06
180,Charles,Charles@name.email,105 S Saginaw St Holly MI 48442,1,1,open,2019-08-30
181,Nicholas,Nicholas@name.email,3614 S 31st St Temple TX 76502,1,1,open,2020-09-16
182,Brian,Brian@name.email,107 Trosclair Ln Dulac LA 70353,1,1,closed,2021-02-05
183,Charles,Charles@name.email,105 S Saginaw St Holly MI 48442,1,1,closed,2022-05-01
184,George,George@name.email,2320 Frank St Eau Claire WV 54703,1,1,closed,2022-02-23
185,Jeffrey,Jeffrey@name.email,3229 Old Goldie Rd Oak Harbor WA 98277,1,1,closed,2018-06-17
186,Ryan,Ryan@name.email,215 Annis Rd South Amherst OH 44001,1,1,open,2023-11-18
187,Michael,Michael@name.email,12599 Grafton Rd Carleton MI 48117,1,1,open,2024-10-31
188,Daniel,Daniel@name.email,10433 SE Carr Rd #338 Renton WA 98055,1,1,open,2021-11-13
189,Joshua,Joshua@name.email,121 Wakelon St Zebulon NE 27597,1,1,open,2019-12-24
190,Eric,Eric@name.email,7590 Chippewa Rd Cleveland OH 44141,1,1,open,2021-05-26
191,Edward,Edward@name.email,382 3rd Ave New York ND 10016,1,1,closed,2020-01-28
192,David,David@name.email,2801 Interstate 20 Hudson Oaks TX 76087,1,1,open,2022-04-30
193,David,David@name.email,2801 Interstate 20 Hudson Oaks TX 76087,1,1,open,2021-06-29
194,Jeffrey,Jeffrey@name.email,3229 Old Goldie Rd Oak Harbor WA 98277,1,1,closed,2020-12-31
195,Paul,Paul@name.email,806 S Main St Columbia TN 38401,1,1,open,2024-12-27
196,James,James@name.email,37273 some road realtown KS 69274,1,1,open,2022-05-02
197,Michael,Michael@name.email,12599 Grafton Rd Carleton MI 48117,1,1,open,2024-08-18
198,Joshua,Joshua@name.email,121 Wakelon St Zebulon NE 27597,1,1,closed,2022-06-24
199,Jacob,Jacob@name.email,4276 Harbour Beach Blvd Brigantine NM 08203,1,1,closed,2023-11-07
200,Christopher,Christopher@name.email,58080 Twentynine Palms Hwy Yucca Valley CA 92284,1,1,open,2023-12-06
201,Eric,Eric@name.email,7590 Chippewa Rd Cleveland OH 44141,1,1,open,2022-09-29
202,Anthony,Anthony@name.email,2724 W Deyoung St Marion IN 62959,1,1,closed,2019-12-19
203,David,David@name.email,2801 Interstate 20 Hudson Oaks TX 76087,1,1,open,2023-07-10
204,Michael,Michael@name.email,12599 Grafton Rd Carleton MI 48117,1,1,open,2023-05-31
205,Christopher,Christopher@name.email,58080 Twentynine Palms Hwy Yucca Valley CA 92284,1,1,open,2022-06-23
206,Kevin,Kevin@name.email,598 Madison Ave New York City ND 10022,1,1,open,2019-11-30
207,Jeffrey,Jeffrey@name.email,3229 Old Goldie Rd Oak Harbor WA 98277,1,1,closed,2024-02-03
208,Jeffrey,Jeffrey@name.email,3229 Old Goldie Rd Oak Harbor WA 98277,1,1,closed,2020-05-12
209,John,John@name.email,114 Henderson St Chapel Hill NE 27514,1,1,open,2022-06-06
210,George,George@name.email,2320 Frank St Eau Claire WV 54703,1,1,closed,2022-03-29
211,Jacob,Jacob@name.email,4276 Harbour Beach Blvd Brigantine NM 08203,1,1,closed,2020-11-28
212,Michael,Michael@name.email,12599 Grafton Rd Carleton MI 48117,1,1,open,2021-11-03
213,Nicholas,Nicholas@name.email,3614 S 31st St Temple TX 76502,1,1,closed,2023-03-18
214,Robert,Robert@name.email,2010 Lincoln Way E Massillon OH 44646,1,1,open,2022-08-18
215,Richard,Richard@name.email,200 N 15th St # 8 Corsicana TX 75110,1,1,open,2021-05-30
216,Daniel,Daniel@name.email,10433 SE Carr Rd #338 Renton WA 98055,1,1,open,2019-09-22
217,Edward,Edward@name.email,382 3rd Ave New York ND 10016,1,1,open,2019-05-28
218,Edward,Edward@name.email,382 3rd Ave New York ND 10016,1,1,open,2023-04-16
219,James,James@name.email,37273 some road realtown KS 69274,1,1,closed,2023-12-16
220,Michael,Michael@name.email,12599 Grafton Rd Carleton MI 48117,1,1,closed,2023-07-03
221,Steven,Steven@name.email,5408 Queens Chapel Rd Hyattsville MD 20782,1,1,open,2021-03-07
222,Daniel,Daniel@name.email,10433 SE Carr Rd #338 Renton WA 98055,1,1,closed,2023-04-24
223,Michael,Michael@name.email,12599 Grafton Rd Carleton MI 48117,1,1,open,2020-12-01
224,Kenneth,Kenneth@name.email,3015 Pittsburgh Mills Blvd Tarentum PA 15084,1,1,closed,2019-08-25
225,Paul,Paul@name.email,806 S Main St Columbia TN 38401,1,1,closed,2019-04-15
226,Jason,Jason@name.email,1545 Belcher Rd S Clearwater FL 33764,1,1,open,2021-02-12
227,Jacob,Jacob@name.email,4276 Harbour Beach Blvd Brigantine NM 08203,1,1,open,2022-07-07
228,Steven,Steven@name.email,5408 Queens Chapel Rd Hyattsville MD 20782,1,1,open,2021-08-16
229,Ryan,Ryan@name.email,215 Annis Rd South Amherst OH 44001,1,1,closed,2020-11-01
230,Matthew,Matthew@name.email,750 Stanyan St San Francisco CA 94117,1,1,closed,2020-09-12
231,William,William@name.email,17611 NE 70th St # 101 Redmond WA 98052,1,1,closed,2020-11-22
232,Ryan,Ryan@name.email,215 Annis Rd South Amherst OH 44001,1,1,closed,2020-03-26
233,Steven,Steven@name.email,5408 Queens Chapel Rd Hyattsville MD 20782,1,1,open,2022-07-12
234,Thomas,Thomas@name.email,576 Ohio Ln Burr Ridge IN 60527,1,1,open,2021-09-10
235,Kenneth,Kenneth@name.email,3015 Pittsburgh Mills Blvd Tarentum PA 15084,1,1,closed,2018-04-23
236,Mark,Mark@name.email,11210 Hickory Trail Ln Charlotte NE 28277,1,1,open,2021-12-08
237,David,David@name.email,2801 Interstate 20 Hudson Oaks TX 76087,1,1,closed,2020-09-28
238,Ryan,Ryan@name.email,215 Annis Rd South Amherst OH 44001,1,1,closed,2019-07-14
239,Steven,Steven@name.email,5408 Queens Chapel Rd Hyattsville MD 20782,1,1,open,2024-09-16
240,John,John@name.email,114 Henderson St Chapel Hill NE 27514,1,1,open,2020-01-04
241,Nicholas,Nicholas@name.email,3614 S 31st St Temple TX 76502,1,1,open,2018-05-30
242,Brian,Brian@name.email,107 Trosclair Ln Dulac LA 70353,1,1,closed,2024-10-06
243,Christopher,Christopher@name.email,58080 Twentynine Palms Hwy Yucca Valley CA 92284,1,1,open,2018-11-22
244,Robert,Robert@name.email,2010 Lincoln Way E Massillon OH 44646,1,1,closed,2020-03-16
245,William,William@name.email,17611 NE 70th St # 101 Redmond WA 98052,1,1,open,2020-09-18
246,Nicholas,Nicholas@name.email,3614 S 31st St Temple TX 76502,1,1,open,2024-02-29
247,Richard,Richard@name.email,200 N 15th St # 8 Corsicana TX 75110,1,1,closed,2022-09-30
248,Brian,Brian@name.email,107 Trosclair Ln Dulac LA 70353,1,1,closed,2021-02-06
249,Daniel,Daniel@name.email,10433 SE Carr Rd #338 Renton WA 98055,1,1,open,2023-06-03
250,David,David@name.email,2801 Interstate 20 Hudson Oaks TX 76087,1,1,open,2021-07-23
251,David,David@name.email,2801 Interstate 20 Hudson Oaks TX 76087,1,1,closed,2024-09-01
252,Paul,Paul@name.email,806 S Main St Columbia TN 38401,1,1,open,2023-08-02
253,Paul,Paul@name.email,806 S Main St Columbia TN 38401,1,1,closed,2024-06-02
254,Ronald,Ronald@name.email,1195 65th St Emeryville CA 94608,1,1,closed,2020-10-25
255,George,George@name.email,2320 Frank St Eau Claire WV 54703,1,1,closed,2022-05-26
256,Jacob,Jacob@name.email,4276 Harbour Beach Blvd Brigantine NM 08203,1,1,closed,2022-11-26
257,Brian,Brian@name.email,107 Trosclair Ln Dulac LA 70353,1,1,closed,2019-10-15
258,George,George@name.email,2320 Frank St Eau Claire WV 54703,1,1,closed,2020-02-12
259,Matthew,Matthew@name.email,750 Stanyan St San Francisco CA 94117,1,1,open,2019-03-07
260,Edward,Edward@name.email,382 3rd Ave New York ND 10016,1,1,open,2022-04-26
261,Donald,Donald@name.email,710 S Main St Mt Vernon OH 43050,1,1,open,2022-05-10
262,Robert,Robert@name.email,2010 Lincoln Way E Massillon OH 44646,1,1,open,2018-02-12
263,David,David@name.email,2801 Interstate 20 Hudson Oaks TX 76087,1,1,closed,2022-09-18
264,David,David@name.email,2801 Interstate 20 Hudson Oaks TX 76087,1,1,open,2021-03-15
265,William,William@name.email,17611 NE 70th St # 101 Redmond WA 98052,1,1,closed,2019-10-31
266,Paul,Paul@name.email,806 S Main St Columbia TN 38401,1,1,open,2022-09-29
267,Ronald,Ronald@name.email,1195 65th St Emeryville CA 94608,1,1,closed,2021-03-06
268,Brian,Brian@name.email,107 Trosclair Ln Dulac LA 70353,1,1,open,2021-03-12
269,Charles,Charles@name.email,105 S Saginaw St Holly MI 48442,1,1,closed,2019-10-18
270,Thomas,Thomas@name.email,576 Ohio Ln Burr Ridge IN 60527,1,1,closed,2023-08-28
271,Mark,Mark@name.email,11210 Hickory Trail Ln Charlotte NE 28277,1,1,closed,2023-06-04
272,Jacob,Jacob@name.email,4276 Harbour Beach Blvd Brigantine NM 08203,1,1,open,2021-08-07
273,Robert,Robert@name.email,2010 Lincoln Way E Massillon OH 44646,1,1,open,2024-01-27
274,Kevin,Kevin@name.email,598 Madison Ave New York City ND 10022,1,1,closed,2020-05-03
275,John,John@name.email,114 Henderson St Chapel Hill NE 27514,1,1,closed,2023-11-01
276,Paul,Paul@name.email,806 S Main St Columbia TN 38401,1,1,open,2022-08-03
277,Anthony,Anthony@name.email,2724 W Deyoung St Marion IN 62959,1,1,open,2020-04-01
278,Ryan,Ryan@name.email,215 Annis Rd South Amherst OH 44001,1,1,open,2021-04-02
279,Matthew,Matthew@name.email,750 Stanyan St San Francisco CA 94117,1,1,open,2018-07-29
280,Anthony,Anthony@name.email,2724 W Deyoung St Marion IN 62959,1,1,closed,2021-12-09
281,Daniel,Daniel@name.email,10433 SE Carr Rd #338 Renton WA 98055,1,1,open,2020-10-28
282,Ronald,Ronald@name.email,1195 65th St Emeryville CA 94608,1,1,open,2021-10-09
283,Steven,Steven@name.email,5408 Queens Chapel Rd Hyattsville MD 20782,1,1,closed,2019-10-10
284,Jason,Jason@name.email,1545 Belcher Rd S Clearwater FL 33764,1,1,closed,2024-06-28
285,Timothy,Timothy@name.email,3907 Waring Rd Oceanside CA 92056,1,1,open,2021-02-19
286,Robert,Robert@name.email,2010 Lincoln Way E Massillon OH 44646,1,1,open,2023-09-30
287,Jason,Jason@name.email,1545 Belcher Rd S Clearwater FL 33764,1,1,open,2023-02-06
288,Brian,Brian@name.email,107 Trosclair Ln Dulac LA 70353,1,1,open,2023-10-12
289,Robert,Robert@name.email,2010 Lincoln Way E Massillon OH 44646,1,1,closed,2021-07-29
290,Paul,Paul@name.email,806 S Main St Columbia TN 38401,1,1,closed,2024-02-23
291,John,John@name.email,114 Henderson St Chapel Hill NE 27514,1,1,closed,2018-09-12
292,Paul,Paul@name.email,806 S Main St Columbia TN 38401,1,1,closed,2022-06-13
293,Ronald,Ronald@name.email,1195 65th St Emeryville CA 94608,1,1,closed,2024-10-16
294,David,David@name.email,2801 Interstate 20 Hudson Oaks TX 76087,1,1,closed,2018-10-19
295,Kenneth,Kenneth@name.email,3015 Pittsburgh Mills Blvd Tarentum PA 15084,1,1,open,2020-05-05
296,Ronald,Ronald@name.email,1195 65th St Emeryville CA 94608,1,1,open,2021-08-13
297,Eric,Eric@name.email,7590 Chippewa Rd Cleveland OH 44141,1,1,closed,2022-01-24
298,William,William@name.email,17611 NE 70th St # 101 Redmond WA 98052,1,1,open,2021-04-10
299,Timothy,Timothy@name.email,3907 Waring Rd Oceanside CA 92056,1,1,open,2023-01-28
300,Christopher,Christopher@name.email,58080 Twentynine Palms Hwy Yucca Valley CA 92284,1,1,closed,2021-01-06
301,Steven,Steven@name.email,5408 Queens Chapel Rd Hyattsville MD 20782,1,1,open,2020-02-15
302,David,David@name.email,2801 Interstate 20 Hudson Oaks TX 76087,1,1,closed,2018-09-22
303,Kenneth,Kenneth@name.email,3015 Pittsburgh Mills Blvd Tarentum PA 15084,1,1,closed,2018-09-23
304,Mark,Mark@name.email,11210 Hickory Trail Ln Charlotte NE 28277,1,1,open,2022-11-17
305,Timothy,Timothy@name.email,3907 Waring Rd Oceanside CA 92056,1,1,open,2018-03-20
306,Michael,Michael@name.email,12599 Grafton Rd Carleton MI 48117,1,1,open,2019-09-17
307,Timothy,Timothy@name.email,3907 Waring Rd Oceanside CA 92056,1,1,closed,2018-07-08
308,Mark,Mark@name.email,11210 Hickory Trail Ln Charlotte NE 28277,1,1,open,2024-05-22
309,Brian,Brian@name.email,107 Trosclair Ln Dulac LA 70353,1,1,closed,2020-03-05
310,Daniel,Daniel@name.email,10433 SE Carr Rd #338 Renton WA 98055,1,1,closed,2024-07-29
311,Robert,Robert@name.email,2010 Lincoln Way E Massillon OH 44646,1,1,closed,2021-02-04
312,Thomas,Thomas@name.email,576 Ohio Ln Burr Ridge IN 60527,1,1,open,2021-03-04
313,Steven,Steven@name.email,5408 Queens Chapel Rd Hyattsville MD 20782,1,1,open,2022-03-20
314,Robert,Robert@name.email,2010 Lincoln Way E Massillon OH 44646,1,1,open,2018-05-20
315,Ronald,Ronald@name.email,1195 65th St Emeryville CA 94608,1,1,open,2024-03-05
316,Thomas,Thomas@name.email,576 Ohio Ln Burr Ridge IN 60527,1,1,open,2024-08-03
317,Christopher,Christopher@name.email,58080 Twentynine Palms Hwy Yucca Valley CA 92284,1,1,open,2021-04-10
318,Anthony,Anthony@name.email,2724 W Deyoung St Marion IN 62959,1,1,open,2022-04-14
319,Thomas,Thomas@name.email,576 Ohio Ln Burr Ridge IN 60527,1,1,closed,2019-06-18
320,Ronald,Ronald@name.email,1195 65th St Emeryville CA 94608,1,1,open,2018-10-06
321,Brian,Brian@name.email,107 Trosclair Ln Dulac LA 70353,1,1,closed,2021-12-13
322,Michael,Michael@name.email,12599 Grafton Rd Carleton MI 48117,1,1,open,2021-04-12
323,Thomas,Thomas@name.email,576 Ohio Ln Burr Ridge IN 60527,1,1,open,2024-09-14
324,Timothy,Timothy@name.email,3907 Waring Rd Oceanside CA 92056,1,1,open,2024-06-13
325,William,William@name.email,17611 NE 70th St # 101 Redmond WA 98052,1,1,closed,2021-11-15
326,Ryan,Ryan@name.email,215 Annis Rd South Amherst OH 44001,1,1,open,2021-08-19
327,Jacob,Jacob@name.email,4276 Harbour Beach Blvd Brigantine NM 08203,1,1,closed,2019-01-18
328,Robert,Robert@name.email,2010 Lincoln Way E Massillon OH 44646,1,1,closed,2024-08-07
329,Jacob,Jacob@name.email,4276 Harbour Beach Blvd Brigantine NM 08203,1,1,open,2018-04-02
330,Michael,Michael@name.email,12599 Grafton Rd Carleton MI 48117,1,1,closed,2024-12-25
331,Donald,Donald@name.email,710 S Main St Mt Vernon OH 43050,1,1,closed,2024-02-04
332,Robert,Robert@name.email,2010 Lincoln Way E Massillon OH 44646,1,1,closed,2020-10-26
333,Timothy,Timothy@name.email,3907 Waring Rd Oceanside CA 92056,1,1,closed,2023-05-20
334,Timothy,Timothy@name.email,3907 Waring Rd Oceanside CA 92056,1,1,open,2023-06-26
335,Matthew,Matthew@name.email,750 Stanyan St San Francisco CA 94117,1,1,closed,2020-10-25
336,Kevin,Kevin@name.email,598 Madison Ave New York City ND 10022,1,1,closed,2019-09-03
337,Edward,Edward@name.email,382 3rd Ave New York ND 10016,1,1,open,2018-03-24
338,Richard,Richard@name.email,200 N 15th St # 8 Corsicana TX 75110,1,1,open,2020-08-06
339,Edward,Edward@name.email,382 3rd Ave New York ND 10016,1,1,open,2019-08-21
340,Jason,Jason@name.email,1545 Belcher Rd S Clearwater FL 33764,1,1,closed,2024-10-08
341,Andrew,Andrew@name.email,2914 M St NW Washington DE 20007,1,1,closed,2020-10-04
342,Ronald,Ronald@name.email,1195 65th St Emeryville CA 94608,1,1,open,2023-06-15
343,Charles,Charles@name.email,105 S Saginaw St Holly MI 48442,1,1,closed,2024-11-12
344,Joseph,Joseph@name.email,3200 Vegas Plaza Dr Las Vegas NC 89109,1,1,closed,2018-04-14
345,Jacob,Jacob@name.email,4276 Harbour Beach Blvd Brigantine NM 08203,1,1,open,2022-03-31
346,Joseph,Joseph@name.email,3200 Vegas Plaza Dr Las Vegas NC 89109,1,1,open,2024-05-15
347,Steven,Steven@name.email,5408 Queens Chapel Rd Hyattsville MD 20782,1,1,closed,2018-08-10
348,Timothy,Timothy@name.email,3907 Waring Rd Oceanside CA 92056,1,1,open,2019-12-02
349,Anthony,Anthony@name.email,2724 W Deyoung St Marion IN 62959,1,1,closed,2019-12-29
350,Mark,Mark@name.email,11210 Hickory Trail Ln Charlotte NE 28277,1,1,closed,2024-08-17
351,Ryan,Ryan@name.email,215 Annis Rd South Amherst OH 44001,1,1,closed,2024-05-09
352,Ryan,Ryan@name.email,215 Annis Rd South Amherst OH 44001,1,1,closed,2018-07-28
353,Robert,Robert@name.email,2010 Lincoln Way E Massillon OH 44646,1,1,open,2019-08-05
354,Anthony,Anthony@name.email,2724 W Deyoung St Marion IN 62959,1,1,open,2024-09-23
355,Christopher,Christopher@name.email,58080 Twentynine Palms Hwy Yucca Valley CA 92284,1,1,closed,2024-03-17
356,Brian,Brian@name.email,107 Trosclair Ln Dulac LA 70353,1,1,closed,2024-02-06
357,Joshua,Joshua@name.email,121 Wakelon St Zebulon NE 27597,1,1,closed,2020-07-17
358,John,John@name.email,114 Henderson St Chapel Hill NE 27514,1,1,open,2024-02-06
359,Matthew,Matthew@name.email,750 Stanyan St San Francisco CA 94117,1,1,open,2020-06-26
360,George,George@name.email,2320 Frank St Eau Claire WV 54703,1,1,open,2018-01-04
361,William,William@name.email,17611 NE 70th St # 101 Redmond WA 98052,1,1,closed,2020-06-14
362,Andrew,Andrew@name.email,2914 M St NW Washington DE 20007,1,1,open,2020-10-10
363,Paul,Paul@name.email,806 S Main St Columbia TN 38401,1,1,open,2020-06-26
364,Matthew,Matthew@name.email,750 Stanyan St San Francisco CA 94117,1,1,open,2023-04-29
365,Jeffrey,Jeffrey@name.email,3229 Old Goldie Rd Oak Harbor WA 98277,1,1,closed,2019-09-02
366,John,John@name.email,114 Henderson St Chapel Hill NE 27514,1,1,closed,2022-05-03
367,Brian,Brian@name.email,107 Trosclair Ln Dulac LA 70353,1,1,open,2023-09-20
368,Nicholas,Nicholas@name.email,3614 S 31st St Temple TX 76502,1,1,closed,2019-07-04
369,Ryan,Ryan@name.email,215 Annis Rd South Amherst OH 44001,1,1,open,2019-12-24
370,Nicholas,Nicholas@name.email,3614 S 31st St Temple TX 76502,1,1,open,2019-04-22
371,George,George@name.email,2320 Frank St Eau Claire WV 54703,1,1,open,2023-11-04
372,Paul,Paul@name.email,806 S Main St Columbia TN 38401,1,1,closed,2018-05-28
373,Ronald,Ronald@name.email,1195 65th St Emeryville CA 94608,1,1,closed,2020-03-08
374,Thomas,Thomas@name.email,576 Ohio Ln Burr Ridge IN 60527,1,1,closed,2021-12-26
375,John,John@name.email,114 Henderson St Chapel Hill NE 27514,1,1,open,2024-03-14
376,Christopher,Christopher@name.email,58080 Twentynine Palms Hwy Yucca Valley CA 92284,1,1,closed,2023-06-14
377,Andrew,Andrew@name.email,2914 M St NW Washington DE 20007,1,1,closed,2019-04-12
378,John,John@name.email,114 Henderson St Chapel Hill NE 27514,1,1,closed,2021-07-19
379,Ronald,Ronald@name.email,1195 65th St Emeryville CA 94608,1,1,closed,2020-06-12
380,Christopher,Christopher@name.email,58080 Twentynine Palms Hwy Yucca Valley CA 92284,1,1,closed,2021-11-17
381,Edward,Edward@name.email,382 3rd Ave New York ND 10016,1,1,open,2023-12-17
382,Andrew,Andrew@name.email,2914 M St NW Washington DE 20007,1,1,open,2022-08-06
383,Daniel,Daniel@name.email,10433 SE Carr Rd #338 Renton WA 98055,1,1,closed,2018-07-13
384,Robert,Robert@name.email,2010 Lincoln Way E Massillon OH 44646,1,1,closed,2021-01-18
385,Ronald,Ronald@name.email,1195 65th St Emeryville CA 94608,1,1,open,2021-12-02
386,David,David@name.email,2801 Interstate 20 Hudson Oaks TX 76087,1,1,open,2020-01-16
387,David,David@name.email,2801 Interstate 20 Hudson Oaks TX 76087,1,1,closed,2023-08-06
388,Anthony,Anthony@name.email,2724 W Deyoung St Marion IN 62959,1,1,open,2019-03-18
389,Mark,Mark@name.email,11210 Hickory Trail Ln Charlotte NE 28277,1,1,closed,2022-10-25
390,Anthony,Anthony@name.email,2724 W Deyoung St Marion IN 62959,1,1,open,2022-08-18
391,Kenneth,Kenneth@name.email,3015 Pittsburgh Mills Blvd Tarentum PA 15084,1,1,open,2024-01-30
392,David,David@name.email,2801 Interstate 20 Hudson Oaks TX 76087,1,1,closed,2020-07-20
393,Mark,Mark@name.email,11210 Hickory Trail Ln Charlotte NE 28277,1,1,open,2020-04-02
394,Ryan,Ryan@name.email,215 Annis Rd South Amherst OH 44001,1,1,closed,2024-05-09
395,Eric,Eric@name.email,7590 Chippewa Rd Cleveland OH 44141,1,1,open,2020-08-18
396,Mark,Mark@name.email,11210 Hickory Trail Ln Charlotte NE 28277,1,1,closed,2022-11-28
397,Richard,Richard@name.email,200 N 15th St # 8 Corsicana TX 75110,1,1,closed,2024-03-01
398,Nicholas,Nicholas@name.email,3614 S 31st St Temple TX 76502,1,1,open,2019-12-07
399,William,William@name.email,17611 NE 70th St # 101 Redmond WA 98052,1,1,closed,2018-09-25
400,James,James@name.email,37273 some road realtown KS 69274,1,1,open,2022-09-20
401,David,David@name.email,2801 Interstate 20 Hudson Oaks TX 76087,1,1,closed,2018-05-10
402,Joshua,Joshua@name.email,121 Wakelon St Zebulon NE 27597,1,1,closed,2019-11-13
403,William,William@name.email,17611 NE 70th St # 101 Redmond WA 98052,1,1,open,2018-06-05
404,William,William@name.email,17611 NE 70th St # 101 Redmond WA 98052,1,1,open,2019-02-18
405,Thomas,Thomas@name.email,576 Ohio Ln Burr Ridge IN 60527,1,1,open,2023-02-17
406,Jacob,Jacob@name.email,4276 Harbour Beach Blvd Brigantine NM 08203,1,1,open,2022-03-16
407,Matthew,Matthew@name.email,750 Stanyan St San Francisco CA 94117,1,1,closed,2024-12-23
408,Timothy,Timothy@name.email,3907 Waring Rd Oceanside CA 92056,1,1,closed,2022-01-26
409,Ryan,Ryan@name.email,215 Annis Rd South Amherst OH 44001,1,1,closed,2022-12-15
410,George,George@name.email,2320 Frank St Eau Claire WV 54703,1,1,open,2019-03-01
411,Joshua,Joshua@name.email,121 Wakelon St Zebulon NE 27597,1,1,closed,2024-02-06
412,Paul,Paul@name.email,806 S Main St Columbia TN 38401,1,1,closed,2020-04-13
413,Brian,Brian@name.email,107 Trosclair Ln Dulac LA 70353,1,1,open,2024-09-12
414,Michael,Michael@name.email,12599 Grafton Rd Carleton MI 48117,1,1,open,2023-02-14
415,Eric,Eric@name.email,7590 Chippewa Rd Cleveland OH 44141,1,1,open,2023-01-02
416,Robert,Robert@name.email,2010 Lincoln Way E Massillon OH 44646,1,1,closed,2020-04-23
417,Ronald,Ronald@name.email,1195 65th St Emeryville CA 94608,1,1,open,2022-03-10
418,Joseph,Joseph@name.email,3200 Vegas Plaza Dr Las Vegas NC 89109,1,1,open,2020-12-14
419,Steven,Steven@name.email,5408 Queens Chapel Rd Hyattsville MD 20782,1,1,closed,2018-02-21
420,Nicholas,Nicholas@name.email,3614 S 31st St Temple TX 76502,1,1,closed,2023-07-27
421,Matthew,Matthew@name.email,750 Stanyan St San Francisco CA 94117,1,1,open,2023-06-05
422,Kevin,Kevin@name.email,598 Madison Ave New York City ND 10022,1,1,open,2023-12-19
423,Michael,Michael@name.email,12599 Grafton Rd Carleton MI 48117,1,1,open,2024-12-12
424,Jason,Jason@name.email,1545 Belcher Rd S Clearwater FL 33764,1,1,closed,2023-06-02
425,Robert,Robert@name.email,2010 Lincoln Way E Massillon OH 44646,1,1,closed,2022-07-09
426,Ronald,Ronald@name.email,1195 65th St Emeryville CA 94608,1,1,closed,2019-04-17
427,Daniel,Daniel@name.email,10433 SE Carr Rd #338 Renton WA 98055,1,1,open,2022-09-18
428,Matthew,Matthew@name.email,750 Stanyan St San Francisco CA 94117,1,1,closed,2023-11-13
429,David,David@name.email,2801 Interstate 20 Hudson Oaks TX 76087,1,1,open,2022-07-26
430,David,David@name.email,2801 Interstate 20 Hudson Oaks TX 76087,1,1,closed,2018-11-22
431,Jason,Jason@name.email,1545 Belcher Rd S Clearwater FL 33764,1,1,open,2022-09-25
432,Robert,Robert@name.email,2010 Lincoln Way E Massillon OH 44646,1,1,closed,2020-05-20
433,Anthony,Anthony@name.email,2724 W Deyoung St Marion IN 62959,1,1,closed,2024-12-02
434,Kevin,Kevin@name.email,598 Madison Ave New York City ND 10022,1,1,closed,2018-02-05
435,Ronald,Ronald@name.email,1195 65th St Emeryville CA 94608,1,1,open,2022-01-26
436,David,David@name.email,2801 Interstate 20 Hudson Oaks TX 76087,1,1,open,2018-06-28
437,Michael,Michael@name.email,12599 Grafton Rd Carleton MI 48117,1,1,closed,2018-11-07
438,Christopher,Christopher@name.email,58080 Twentynine Palms Hwy Yucca Valley CA 92284,1,1,closed,2022-08-16
439,Michael,Michael@name.email,12599 Grafton Rd Carleton MI 48117,1,1,closed,2020-09-19
440,David,David@name.email,2801 Interstate 20 Hudson Oaks TX 76087,1,1,closed,2021-10-04
441,Michael,Michael@name.email,12599 Grafton Rd Carleton MI 48117,1,1,open,2022-11-25
442,Andrew,Andrew@name.email,2914 M St NW Washington DE 20007,1,1,closed,2022-12-13
443,Steven,Steven@name.email,5408 Queens Chapel Rd Hyattsville MD 20782,1,1,closed,2021-01-10
444,Jeffrey,Jeffrey@name.email,3229 Old Goldie Rd Oak Harbor WA 98277,1,1,open,2023-07-30
445,Nicholas,Nicholas@name.email,3614 S 31st St Temple TX 76502,1,1,closed,2021-03-14
446,Jacob,Jacob@name.email,4276 Harbour Beach Blvd Brigantine NM 08203,1,1,open,2024-08-29
447,Donald,Donald@name.email,710 S Main St Mt Vernon OH 43050,1,1,closed,2024-04-05
448,George,George@name.email,2320 Frank St Eau Claire WV 54703,1,1,open,2018-06-09
449,James,James@name.email,37273 some road realtown KS 69274,1,1,closed,2018-11-06
450,Jason,Jason@name.email,1545 Belcher Rd S Clearwater FL 33764,1,1,open,2018-11-11
451,William,William@name.email,17611 NE 70th St # 101 Redmond WA 98052,1,1,open,2024-11-07
452,James,James@name.email,37273 some road realtown KS 69274,1,1,open,2024-03-11
453,Edward,Edward@name.email,382 3rd Ave New York ND 10016,1,1,open,2020-01-03
454,Christopher,Christopher@name.email,58080 Twentynine Palms Hwy Yucca Valley CA 92284,1,1,closed,2019-07-08
455,Jason,Jason@name.email,1545 Belcher Rd S Clearwater FL 33764,1,1,open,2023-11-11
456,Andrew,Andrew@name.email,2914 M St NW Washington DE 20007,1,1,closed,2022-12-20
457,Donald,Donald@name.email,710 S Main St Mt Vernon OH 43050,1,1,closed,2019-04-18
458,Joshua,Joshua@name.email,121 Wakelon St Zebulon NE 27597,1,1,open,2021-01-14
459,Mark,Mark@name.email,11210 Hickory Trail Ln Charlotte NE 28277,1,1,closed,2023-06-01
460,Nicholas,Nicholas@name.email,3614 S 31st St Temple TX 76502,1,1,closed,2024-10-16
461,Richard,Richard@name.email,200 N 15th St # 8 Corsicana TX 75110,1,1,closed,2023-11-10
462,Richard,Richard@name.email,200 N 15th St # 8 Corsicana TX 75110,1,1,closed,2024-06-04
463,Matthew,Matthew@name.email,750 Stanyan St San Francisco CA 94117,1,1,open,2018-12-16
464,Robert,Robert@name.email,2010 Lincoln Way E Massillon OH 44646,1,1,closed,2023-08-25
465,Brian,Brian@name.email,107 Trosclair Ln Dulac LA 70353,1,1,closed,2023-03-08
466,George,George@name.email,2320 Frank St Eau Claire WV 54703,1,1,closed,2019-06-23
467,Edward,Edward@name.email,382 3rd Ave New York ND 10016,1,1,closed,2019-04-28
468,Joseph,Joseph@name.email,3200 Vegas Plaza Dr Las Vegas NC 89109,1,1,open,2021-01-03
469,Charles,Charles@name.email,105 S Saginaw St Holly MI 48442,1,1,open,2021-08-31
470,Michael,Michael@name.email,12599 Grafton Rd Carleton MI 48117,1,1,closed,2021-03-22
471,Andrew,Andrew@name.email,2914 M St NW Washington DE 20007,1,1,open,2023-06-10
472,David,David@name.email,2801 Interstate 20 Hudson Oaks TX 76087,1,1,closed,2020-03-03
473,Robert,Robert@name.email,2010 Lincoln Way E Massillon OH 44646,1,1,closed,2022-03-19
474,Ronald,Ronald@name.email,1195 65th St Emeryville CA 94608,1,1,open,2020-11-13
475,Christopher,Christopher@name.email,58080 Twentynine Palms Hwy Yucca Valley CA 92284,1,1,open,2022-10-01
476,Charles,Charles@name.email,105 S Saginaw St Holly MI 48442,1,1,closed,2024-08-24
477,Richard,Richard@name.email,200 N 15th St # 8 Corsicana TX 75110,1,1,open,2020-08-25
478,Jason,Jason@name.email,1545 Belcher Rd S Clearwater FL 33764,1,1,open,2023-10-01
479,Daniel,Daniel@name.email,10433 SE Carr Rd #338 Renton WA 98055,1,1,closed,2020-03-15
480,William,William@name.email,17611 NE 70th St # 101 Redmond WA 98052,1,1,closed,2018-07-04
481,Brian,Brian@name.email,107 Trosclair Ln Dulac LA 70353,1,1,open,2019-07-22
482,Michael,Michael@name.email,12599 Grafton Rd Carleton MI 48117,1,1,closed,2024-08-16
483,Charles,Charles@name.email,105 S Saginaw St Holly MI 48442,1,1,open,2020-07-24
484,Paul,Paul@name.email,806 S Main St Columbia TN 38401,1,1,closed,2020-09-13
485,Kenneth,Kenneth@name.email,3015 Pittsburgh Mills Blvd Tarentum PA 15084,1,1,closed,2018-02-20
486,John,John@name.email,114 Henderson St Chapel Hill NE 27514,1,1,open,2020-09-01
487,Matthew,Matthew@name.email,750 Stanyan St San Francisco CA 94117,1,1,closed,2022-07-18
488,Jacob,Jacob@name.email,4276 Harbour Beach Blvd Brigantine NM 08203,1,1,closed,2018-08-08
489,Donald,Donald@name.email,710 S Main St Mt Vernon OH 43050,1,1,open,2024-02-29
490,Edward,Edward@name.email,382 3rd Ave New York ND 10016,1,1,closed,2024-12-02
491,Nicholas,Nicholas@name.email,3614 S 31st St Temple TX 76502,1,1,closed,2018-10-30
492,Paul,Paul@name.email,806 S Main St Columbia TN 38401,1,1,open,2020-08-05
493,Thomas,Thomas@name.email,576 Ohio Ln Burr Ridge IN 60527,1,1,closed,2018-07-01
494,Steven,Steven@name.email,5408 Queens Chapel Rd Hyattsville MD 20782,1,1,closed,2019-03-26
495,Kenneth,Kenneth@name.email,3015 Pittsburgh Mills Blvd Tarentum PA 15084,1,1,closed,2022-06-22
496,Timothy,Timothy@name.email,3907 Waring Rd Oceanside CA 92056,1,1,closed,2020-06-17
497,Anthony,Anthony@name.email,2724 W Deyoung St Marion IN 62959,1,1,closed,2021-03-22
498,Ryan,Ryan@name.email,215 Annis Rd South Amherst OH 44001,1,1,open,2024-06-06
499,Jason,Jason@name.email,1545 Belcher Rd S Clearwater FL 33764,1,1,open,2021-01-06
500,Joseph,Joseph@name.email,3200 Vegas Plaza Dr Las Vegas NC 89109,1,1,open,2022-05-12
501,Kenneth,Kenneth@name.email,3015 Pittsburgh Mills Blvd Tarentum PA 15084,1,1,closed,2021-08-07
502,Matthew,Matthew@name.email,750 Stanyan St San Francisco CA 94117,1,1,closed,2018-07-29
503,James,James@name.email,37273 some road realtown KS 69274,1,1,open,2021-10-05
504,Brian,Brian@name.email,107 Trosclair Ln Dulac LA 70353,1,1,open,2024-10-17
505,George,George@name.email,2320 Frank St Eau Claire WV 54703,1,1,closed,2022-06-22
506,Robert,Robert@name.email,2010 Lincoln Way E Massillon OH 44646,1,1,closed,2022-08-16
507,Brian,Brian@name.email,107 Trosclair Ln Dulac LA 70353,1,1,closed,2020-08-27
508,Matthew,Matthew@name.email,750 Stanyan St San Francisco CA 94117,1,1,open,2020-08-20
509,Nicholas,Nicholas@name.email,3614 S 31st St Temple TX 76502,1,1,open,2020-05-14
510,Mark,Mark@name.email,11210 Hickory Trail Ln Charlotte NE 28277,1,1,closed,2018-03-01
511,Joshua,Joshua@name.email,121 Wakelon St Zebulon NE 27597,1,1,closed,2019-06-03
512,Daniel,Daniel@name.email,10433 SE Carr Rd #338 Renton WA 98055,1,1,closed,2020-12-13
513,Ronald,Ronald@name.email,1195 65th St Emeryville CA 94608,1,1,open,2021-01-05
514,Timothy,Timothy@name.email,3907 Waring Rd Oceanside CA 92056,1,1,open,2024-08-10
515,Jason,Jason@name.email,1545 Belcher Rd S Clearwater FL 33764,1,1,closed,2024-11-04
516,Jason,Jason@name.email,1545 Belcher Rd S Clearwater FL 33764,1,1,open,2020-07-02
517,Mark,Mark@name.email,11210 Hickory Trail Ln Charlotte NE 28277,1,1,closed,2021-07-19
518,Jacob,Jacob@name.email,4276 Harbour Beach Blvd Brigantine NM 08203,1,1,closed,2021-04-02
519,James,James@name.email,37273 some road realtown KS 69274,1,1,open,2023-05-28
520,George,George@name.email,2320 Frank St Eau Claire WV 54703,1,1,open,2024-07-07
521,Joshua,Joshua@name.email,121 Wakelon St Zebulon NE 27597,1,1,closed,2024-12-09
522,Paul,Paul@name.email,806 S Main St Columbia TN 38401,1,1,closed,2020-08-29
523,James,James@name.email,37273 some road realtown KS 69274,1,1,closed,2020-11-03
524,Andrew,Andrew@name.email,2914 M St NW Washington DE 20007,1,1,closed,2024-10-29
525,Steven,Steven@name.email,5408 Queens Chapel Rd Hyattsville MD 20782,1,1,closed,2024-10-13
526,Jeffrey,Jeffrey@name.email,3229 Old Goldie Rd Oak Harbor WA 98277,1,1,closed,2023-06-20
527,Donald,Donald@name.email,710 S Main St Mt Vernon OH 43050,1,1,closed,2018-03-23
528,Joshua,Joshua@name.email,121 Wakelon St Zebulon NE 27597,1,1,closed,2022-12-04
529,Donald,Donald@name.email,710 S Main St Mt Vernon OH 43050,1,1,closed,2020-01-30
530,George,George@name.email,2320 Frank St Eau Claire WV 54703,1,1,open,2018-12-17
531,Charles,Charles@name.email,105 S Saginaw St Holly MI 48442,1,1,closed,2023-10-19
532,Matthew,Matthew@name.email,750 Stanyan St San Francisco CA 94117,1,1,closed,2019-07-28
533,Charles,Charles@name.email,105 S Saginaw St Holly MI 48442,1,1,open,2023-04-23
534,Paul,Paul@name.email,806 S Main St Columbia TN 38401,1,1,open,2022-07-04
535,Ronald,Ronald@name.email,1195 65th St Emeryville CA 94608,1,1,closed,2021-05-10
536,Jeffrey,Jeffrey@name.email,3229 Old Goldie Rd Oak Harbor WA 98277,1,1,open,2020-03-11
537,Joshua,Joshua@name.email,121 Wakelon St Zebulon NE 27597,1,1,open,2021-06-24
538,Eric,Eric@name.email,7590 Chippewa Rd Cleveland OH 44141,1,1,closed,2024-05-21
539,Thomas,Thomas@name.email,576 Ohio Ln Burr Ridge IN 60527,1,1,closed,2024-02-28
540,David,David@name.email,2801 Interstate 20 Hudson Oaks TX 76087,1,1,open,2020-01-09
541,Jason,Jason@name.email,1545 Belcher Rd S Clearwater FL 33764,1,1,open,2018-12-14
542,Timothy,Timothy@name.email,3907 Waring Rd Oceanside CA 92056,1,1,open,2024-02-26
543,Jeffrey,Jeffrey@name.email,3229 Old Goldie Rd Oak Harbor WA 98277,1,1,closed,2024-07-09
544,Nicholas,Nicholas@name.email,3614 S 31st St Temple TX 76502,1,1,open,2022-11-21
545,William,William@name.email,17611 NE 70th St # 101 Redmond WA 98052,1,1,closed,2018-09-13
546,Kevin,Kevin@name.email,598 Madison Ave New York City ND 10022,1,1,open,2019-12-10
547,Timothy,Timothy@name.email,3907 Waring Rd Oceanside CA 92056,1,1,open,2021-09-08
548,Christopher,Christopher@name.email,58080 Twentynine Palms Hwy Yucca Valley CA 92284,1,1,open,2021-08-19
549,Brian,Brian@name.email,107 Trosclair Ln Dulac LA 70353,1,1,closed,2022-10-05
550,John,John@name.email,114 Henderson St Chapel Hill NE 27514,1,1,open,2019-03-08
551,George,George@name.email,2320 Frank St Eau Claire WV 54703,1,1,closed,2018-12-26
552,Paul,Paul@name.email,806 S Main St Columbia TN 38401,1,1,open,2021-03-22
553,Jacob,Jacob@name.email,4276 Harbour Beach Blvd Brigantine NM 08203,1,1,open,2023-11-03
554,Steven,Steven@name.email,5408 Queens Chapel Rd Hyattsville MD 20782,1,1,closed,2020-11-14
555,John,John@name.email,114 Henderson St Chapel Hill NE 27514,1,1,open,2020-09-29
556,Jeffrey,Jeffrey@name.email,3229 Old Goldie Rd Oak Harbor WA 98277,1,1,closed,2022-11-20
557,Thomas,Thomas@name.email,576 Ohio Ln Burr Ridge IN 60527,1,1,open,2020-06-15
558,Michael,Michael@name.email,12599 Grafton Rd Carleton MI 48117,1,1,closed,2019-08-09
559,James,James@name.email,37273 some road realtown KS 69274,1,1,open,2024-01-25
560,James,James@name.email,37273 some road realtown KS 69274,1,1,open,2022-04-02
561,Ronald,Ronald@name.email,1195 65th St Emeryville CA 94608,1,1,closed,2022-12-21
562,Donald,Donald@name.email,710 S Main St Mt Vernon OH 43050,1,1,closed,2020-08-17
563,George,George@name.email,2320 Frank St Eau Claire WV 54703,1,1,open,2019-01-22
564,Kevin,Kevin@name.email,598 Madison Ave New York City ND 10022,1,1,open,2023-05-27
565,Matthew,Matthew@name.email,750 Stanyan St San Francisco CA 94117,1,1,closed,2020-01-23
566,Michael,Michael@name.email,12599 Grafton Rd Carleton MI 48117,1,1,open,2020-07-29
567,Jason,Jason@name.email,1545 Belcher Rd S Clearwater FL 33764,1,1,open,2019-06-13
568,Jacob,Jacob@name.email,4276 Harbour Beach Blvd Brigantine NM 08203,1,1,closed,2023-09-17
569,Brian,Brian@name.email,107 Trosclair Ln Dulac LA 70353,1,1,closed,2021-06-28
570,Timothy,Timothy@name.email,3907 Waring Rd Oceanside CA 92056,1,1,closed,2021-01-14
571,Ronald,Ronald@name.email,1195 65th St Emeryville CA 94608,1,1,closed,2021-10-25
572,Robert,Robert@name.email,2010 Lincoln Way E Massillon OH 44646,1,1,open,2018-09-29
573,Ronald,Ronald@name.email,1195 65th St Emeryville CA 94608,1,1,closed,2018-05-20
574,Daniel,Daniel@name.email,10433 SE Carr Rd #338 Renton WA 98055,1,1,closed,2020-11-19
575,Jacob,Jacob@name.email,4276 Harbour Beach Blvd Brigantine NM 08203,1,1,open,2022-10-09
576,Brian,Brian@name.email,107 Trosclair Ln Dulac LA 70353,1,1,open,2022-09-22
577,Jeffrey,Jeffrey@name.email,3229 Old Goldie Rd Oak Harbor WA 98277,1,1,open,2024-04-30
578,Charles,Charles@name.email,105 S Saginaw St Holly MI 48442,1,1,open,2020-03-31
579,Anthony,Anthony@name.email,2724 W Deyoung St Marion IN 62959,1,1,closed,2024-11-08
580,Matthew,Matthew@name.email,750 Stanyan St San Francisco CA 94117,1,1,open,2019-06-22
581,David,David@name.email,2801 Interstate 20 Hudson Oaks TX 76087,1,1,closed,2020-10-22
582,Richard,Richard@name.email,200 N 15th St # 8 Corsicana TX 75110,1,1,open,2020-02-01
583,Jason,Jason@name.email,1545 Belcher Rd S Clearwater FL 33764,1,1,open,2020-12-30
584,Mark,Mark@name.email,11210 Hickory Trail Ln Charlotte NE 28277,1,1,open,2019-03-07
585,Daniel,Daniel@name.email,10433 SE Carr Rd #338 Renton WA 98055,1,1,closed,2022-03-07
586,Eric,Eric@name.email,7590 Chippewa Rd Cleveland OH 44141,1,1,open,2020-04-04
587,Timothy,Timothy@name.email,3907 Waring Rd Oceanside CA 92056,1,1,open,2019-10-27
588,Richard,Richard@name.email,200 N 15th St # 8 Corsicana TX 75110,1,1,open,2024-05-12
589,Matthew,Matthew@name.email,750 Stanyan St San Francisco CA 94117,1,1,closed,2023-02-16
590,George,George@name.email,2320 Frank St Eau Claire WV 54703,1,1,closed,2023-07-18
591,William,William@name.email,17611 NE 70th St # 101 Redmond WA 98052,1,1,open,2018-02-07
592,Robert,Robert@name.email,2010 Lincoln Way E Massillon OH 44646,1,1,open,2024-12-23
593,Thomas,Thomas@name.email,576 Ohio Ln Burr Ridge IN 60527,1,1,open,2024-03-31
594,Donald,Donald@name.email,710 S Main St Mt Vernon OH 43050,1,1,open,2019-09-17
595,Michael,Michael@name.email,12599 Grafton Rd Carleton MI 48117,1,1,closed,2021-11-22
596,Joshua,Joshua@name.email,121 Wakelon St Zebulon NE 27597,1,1,open,2019-08-10
597,Mark,Mark@name.email,11210 Hickory Trail Ln Charlotte NE 28277,1,1,closed,2023-10-14
598,David,David@name.email,2801 Interstate 20 Hudson Oaks TX 76087,1,1,closed,2018-10-13
599,George,George@name.email,2320 Frank St Eau Claire WV 54703,1,1,closed,2020-07-21
600,Timothy,Timothy@name.email,3907 Waring Rd Oceanside CA 92056,1,1,open,2022-04-05
601,Daniel,Daniel@name.email,10433 SE Carr Rd #338 Renton WA 98055,1,1,open,2021-02-23
602,Daniel,Daniel@name.email,10433 SE Carr Rd #338 Renton WA 98055,1,1,closed,2018-02-25
603,Timothy,Timothy@name.email,3907 Waring Rd Oceanside CA 92056,1,1,open,2023-04-17
604,Brian,Brian@name.email,107 Trosclair Ln Dulac LA 70353,1,1,open,2024-05-09
605,Andrew,Andrew@name.email,2914 M St NW Washington DE 20007,1,1,closed,2020-04-22
606,Ryan,Ryan@name.email,215 Annis Rd South Amherst OH 44001,1,1,closed,2022-10-02
607,Jeffrey,Jeffrey@name.email,3229 Old Goldie Rd Oak Harbor WA 98277,1,1,closed,2022-07-13
608,Mark,Mark@name.email,11210 Hickory Trail Ln Charlotte NE 28277,1,1,closed,2018-07-11
609,Donald,Donald@name.email,710 S Main St Mt Vernon OH 43050,1,1,open,2019-11-30
610,Jeffrey,Jeffrey@name.email,3229 Old Goldie Rd Oak Harbor WA 98277,1,1,open,2022-08-28
611,Kenneth,Kenneth@name.email,3015 Pittsburgh Mills Blvd Tarentum PA 15084,1,1,open,2023-10-31
612,Edward,Edward@name.email,382 3rd Ave New York ND 10016,1,1,open,2022-05-04
613,Edward,Edward@name.email,382 3rd Ave New York ND 10016,1,1,closed,2023-07-10
614,Charles,Charles@name.email,105 S Saginaw St Holly MI 48442,1,1,open,2024-11-09
615,Ryan,Ryan@name.email,215 Annis Rd South Amherst OH 44001,1,1,open,2022-11-04
616,Steven,Steven@name.email,5408 Queens Chapel Rd Hyattsville MD 20782,1,1,open,2018-03-29
617,John,John@name.email,114 Henderson St Chapel Hill NE 27514,1,1,closed,2020-12-08
618,Brian,Brian@name.email,107 Trosclair Ln Dulac LA 70353,1,1,closed,2018-12-06
619,Joseph,Joseph@name.email,3200 Vegas Plaza Dr Las Vegas NC 89109,1,1,open,2018-04-30
620,Jason,Jason@name.email,1545 Belcher Rd S Clearwater FL 33764,1,1,open,2020-02-25
621,Richard,Richard@name.email,200 N 15th St # 8 Corsicana TX 75110,1,1,closed,2022-04-11
622,Christopher,Christopher@name.email,58080 Twentynine Palms Hwy Yucca Valley CA 92284,1,1,open,2021-01-16
623,Andrew,Andrew@name.email,2914 M St NW Washington DE 20007,1,1,open,2019-11-05
624,Christopher,Christopher@name.email,58080 Twentynine Palms Hwy Yucca Valley CA 92284,1,1,closed,2021-11-01
625,Paul,Paul@name.email,806 S Main St Columbia TN 38401,1,1,closed,2018-01-20
626,Joseph,Joseph@name.email,3200 Vegas Plaza Dr Las Vegas NC 89109,1,1,open,2020-09-22
627,Kevin,Kevin@name.email,598 Madison Ave New York City ND 10022,1,1,open,2019-06-01
628,Charles,Charles@name.email,105 S Saginaw St Holly MI 48442,1,1,closed,2018-04-13
629,Paul,Paul@name.email,806 S Main St Columbia TN 38401,1,1,open,2020-03-18
630,Jeffrey,Jeffrey@name.email,3229 Old Goldie Rd Oak Harbor WA 98277,1,1,open,2018-03-17
631,William,William@name.email,17611 NE 70th St # 101 Redmond WA 98052,1,1,open,2020-02-07
632,Matthew,Matthew@name.email,750 Stanyan St San Francisco CA 94117,1,1,closed,2019-09-17
633,Michael,Michael@name.email,12599 Grafton Rd Carleton MI 48117,1,1,closed,2024-12-27
634,Jacob,Jacob@name.email,4276 Harbour Beach Blvd Brigantine NM 08203,1,1,open,2022-01-15
635,Ryan,Ryan@name.email,215 Annis Rd South Amherst OH 44001,1,1,open,2022-01-21
636,Joseph,Joseph@name.email,3200 Vegas Plaza Dr Las Vegas NC 89109,1,1,open,2023-04-03
637,Charles,Charles@name.email,105 S Saginaw St Holly MI 48442,1,1,closed,2024-09-10
638,James,James@name.email,37273 some road realtown KS 69274,1,1,closed,2018-03-03
639,Jeffrey,Jeffrey@name.email,3229 Old Goldie Rd Oak Harbor WA 98277,1,1,open,2021-08-27
640,Jeffrey,Jeffrey@name.email,3229 Old Goldie Rd Oak Harbor WA 98277,1,1,open,2023-09-19
641,Andrew,Andrew@name.email,2914 M St NW Washington DE 20007,1,1,open,2018-06-17
642,Nicholas,Nicholas@name.email,3614 S 31st St Temple TX 76502,1,1,open,2021-01-27
643,Paul,Paul@name.email,806 S Main St Columbia TN 38401,1,1,closed,2021-10-10
644,Brian,Brian@name.email,107 Trosclair Ln Dulac LA 70353,1,1,closed,2020-11-08
645,Jeffrey,Jeffrey@name.email,3229 Old Goldie Rd Oak Harbor WA 98277,1,1,closed,2021-08-05
646,Mark,Mark@name.email,11210 Hickory Trail Ln Charlotte NE 28277,1,1,closed,2023-01-31
647,Charles,Charles@name.email,105 S Saginaw St Holly MI 48442,1,1,open,2019-03-10
648,Donald,Donald@name.email,710 S Main St Mt Vernon OH 43050,1,1,open,2023-08-23
649,George,George@name.email,2320 Frank St Eau Claire WV 54703,1,1,open,2018-12-27
650,John,John@name.email,114 Henderson St Chapel Hill NE 27514,1,1,open,2023-12-29
651,William,William@name.email,17611 NE 70th St # 101 Redmond WA 98052,1,1,open,2021-10-17
652,Donald,Donald@name.email,710 S Main St Mt Vernon OH 43050,1,1,open,2023-01-13
653,Andrew,Andrew@name.email,2914 M St NW Washington DE 20007,1,1,closed,2020-09-25
654,David,David@name.email,2801 Interstate 20 Hudson Oaks TX 76087,1,1,closed,2022-03-16
655,Timothy,Timothy@name.email,3907 Waring Rd Oceanside CA 92056,1,1,closed,2020-08-16
656,Paul,Paul@name.email,806 S Main St Columbia TN 38401,1,1,open,2018-08-16
657,Jacob,Jacob@name.email,4276 Harbour Beach Blvd Brigantine NM 08203,1,1,closed,2024-10-04
658,Mark,Mark@name.email,11210 Hickory Trail Ln Charlotte NE 28277,1,1,open,2023-08-06
659,Joseph,Joseph@name.email,3200 Vegas Plaza Dr Las Vegas NC 89109,1,1,open,2018-06-04
660,Ronald,Ronald@name.email,1195 65th St Emeryville CA 94608,1,1,open,2020-07-04
661,Brian,Brian@name.email,107 Trosclair Ln Dulac LA 70353,1,1,open,2018-07-05
662,Jeffrey,Jeffrey@name.email,3229 Old Goldie Rd Oak Harbor WA 98277,1,1,open,2024-03-02
663,Edward,Edward@name.email,382 3rd Ave New York ND 10016,1,1,closed,2018-01-05
664,Timothy,Timothy@name.email,3907 Waring Rd Oceanside CA 92056,1,1,open,2024-10-10
665,John,John@name.email,114 Henderson St Chapel Hill NE 27514,1,1,closed,2018-08-28
666,Steven,Steven@name.email,5408 Queens Chapel Rd Hyattsville MD 20782,1,1,closed,2021-07-19
667,George,George@name.email,2320 Frank St Eau Claire WV 54703,1,1,open,2022-02-17
668,Anthony,Anthony@name.email,2724 W Deyoung St Marion IN 62959,1,1,open,2023-05-20
669,Anthony,Anthony@name.email,2724 W Deyoung St Marion IN 62959,1,1,closed,2024-01-14
670,Ryan,Ryan@name.email,215 Annis Rd South Amherst OH 44001,1,1,open,2024-02-05
671,Matthew,Matthew@name.email,750 Stanyan St San Francisco CA 94117,1,1,closed,2022-11-23
672,Charles,Charles@name.email,105 S Saginaw St Holly MI 48442,1,1,closed,2020-01-30
673,Christopher,Christopher@name.email,58080 Twentynine Palms Hwy Yucca Valley CA 92284,1,1,open,2022-11-14
674,Nicholas,Nicholas@name.email,3614 S 31st St Temple TX 76502,1,1,closed,2020-01-17
675,Christopher,Christopher@name.email,58080 Twentynine Palms Hwy Yucca Valley CA 92284,1,1,open,2019-08-03
676,John,John@name.email,114 Henderson St Chapel Hill NE 27514,1,1,open,2024-04-24
677,Ryan,Ryan@name.email,215 Annis Rd South Amherst OH 44001,1,1,closed,2024-01-27
678,Daniel,Daniel@name.email,10433 SE Carr Rd #338 Renton WA 98055,1,1,closed,2018-12-11
679,Mark,Mark@name.email,11210 Hickory Trail Ln Charlotte NE 28277,1,1,open,2019-09-11
680,Robert,Robert@name.email,2010 Lincoln Way E Massillon OH 44646,1,1,closed,2019-11-28
681,James,James@name.email,37273 some road realtown KS 69274,1,1,open,2020-11-13
682,Ronald,Ronald@name.email,1195 65th St Emeryville CA 94608,1,1,closed,2018-06-12
683,Steven,Steven@name.email,5408 Queens Chapel Rd Hyattsville MD 20782,1,1,closed,2023-05-13
684,Jeffrey,Jeffrey@name.email,3229 Old Goldie Rd Oak Harbor WA 98277,1,1,closed,2020-11-07
685,Anthony,Anthony@name.email,2724 W Deyoung St Marion IN 62959,1,1,closed,2023-07-18
686,James,James@name.email,37273 some road realtown KS 69274,1,1,open,2022-07-10
687,Mark,Mark@name.email,11210 Hickory Trail Ln Charlotte NE 28277,1,1,closed,2024-04-12
688,Andrew,Andrew@name.email,2914 M St NW Washington DE 20007,1,1,open,2021-03-07
689,Donald,Donald@name.email,710 S Main St Mt Vernon OH 43050,1,1,closed,2024-02-24
690,Jacob,Jacob@name.email,4276 Harbour Beach Blvd Brigantine NM 08203,1,1,closed,2019-05-06
691,Edward,Edward@name.email,382 3rd Ave New York ND 10016,1,1,closed,2021-05-15
692,Ronald,Ronald@name.email,1195 65th St Emeryville CA 94608,1,1,closed,2022-11-10
693,Ryan,Ryan@name.email,215 Annis Rd South Amherst OH 44001,1,1,open,2019-06-22
694,James,James@name.email,37273 some road realtown KS 69274,1,1,closed,2019-10-11
695,Richard,Richard@name.email,200 N 15th St # 8 Corsicana TX 75110,1,1,closed,2021-10-02
696,Eric,Eric@name.email,7590 Chippewa Rd Cleveland OH 44141,1,1,open,2022-08-13
697,Charles,Charles@name.email,105 S Saginaw St Holly MI 48442,1,1,open,2018-12-19
698,Kevin,Kevin@name.email,598 Madison Ave New York City ND 10022,1,1,open,2020-01-13
699,Christopher,Christopher@name.email,58080 Twentynine Palms Hwy Yucca Valley CA 92284,1,1,closed,2022-12-29
700,Jacob,Jacob@name.email,4276 Harbour Beach Blvd Brigantine NM 08203,1,1,closed,2022-08-09
701,Jacob,Jacob@name.email,4276 Harbour Beach Blvd Brigantine NM 08203,1,1,closed,2019-12-19
702,Kevin,Kevin@name.email,598 Madison Ave New York City ND 10022,1,1,open,2022-11-24
703,James,James@name.email,37273 some road realtown KS 69274,1,1,closed,2024-11-14
704,Mark,Mark@name.email,11210 Hickory Trail Ln Charlotte NE 28277,1,1,closed,2024-02-15
705,Jeffrey,Jeffrey@name.email,3229 Old Goldie Rd Oak Harbor WA 98277,1,1,closed,2022-07-12
706,Matthew,Matthew@name.email,750 Stanyan St San Francisco CA 94117,1,1,open,2018-11-13
707,Daniel,Daniel@name.email,10433 SE Carr Rd #338 Renton WA 98055,1,1,open,2018-08-04
708,William,William@name.email,17611 NE 70th St # 101 Redmond WA 98052,1,1,open,2022-01-05
709,Jason,Jason@name.email,1545 Belcher Rd S Clearwater FL 33764,1,1,open,2021-05-13
710,Jacob,Jacob@name.email,4276 Harbour Beach Blvd Brigantine NM 08203,1,1,closed,2022-12-29
711,Michael,Michael@name.email,12599 Grafton Rd Carleton MI 48117,1,1,open,2021-07-17
712,John,John@name.email,114 Henderson St Chapel Hill NE 27514,1,1,closed,2023-07-26
713,Charles,Charles@name.email,105 S Saginaw St Holly MI 48442,1,1,open,2021-02-24
714,Richard,Richard@name.email,200 N 15th St # 8 Corsicana TX 75110,1,1,open,2021-05-31
715,Jeffrey,Jeffrey@name.email,3229 Old Goldie Rd Oak Harbor WA 98277,1,1,open,2022-07-04
716,Christopher,Christopher@name.email,58080 Twentynine Palms Hwy Yucca Valley CA 92284,1,1,closed,2018-04-27
717,George,George@name.email,2320 Frank St Eau Claire WV 54703,1,1,closed,2022-09-03
718,George,George@name.email,2320 Frank St Eau Claire WV 54703,1,1,open,2022-02-26
719,Kevin,Kevin@name.email,598 Madison Ave New York City ND 10022,1,1,open,2021-12-23
720,Christopher,Christopher@name.email,58080 Twentynine Palms Hwy Yucca Valley CA 92284,1,1,closed,2024-03-16
721,Andrew,Andrew@name.email,2914 M St NW Washington DE 20007,1,1,open,2020-05-25
722,Jacob,Jacob@name.email,4276 Harbour Beach Blvd Brigantine NM 08203,1,1,open,2021-09-26
723,Steven,Steven@name.email,5408 Queens Chapel Rd Hyattsville MD 20782,1,1,open,2020-06-23
724,George,George@name.email,2320 Frank St Eau Claire WV 54703,1,1,closed,2024-08-30
725,David,David@name.email,2801 Interstate 20 Hudson Oaks TX 76087,1,1,open,2018-04-15
726,Edward,Edward@name.email,382 3rd Ave New York ND 10016,1,1,open,2020-11-12
727,Ryan,Ryan@name.email,215 Annis Rd South Amherst OH 44001,1,1,closed,2019-04-22
728,Kenneth,Kenneth@name.email,3015 Pittsburgh Mills Blvd Tarentum PA 15084,1,1,closed,2018-08-18
729,Joshua,Joshua@name.email,121 Wakelon St Zebulon NE 27597,1,1,open,2020-05-01
730,Richard,Richard@name.email,200 N 15th St # 8 Corsicana TX 75110,1,1,closed,2024-12-02
731,Matthew,Matthew@name.email,750 Stanyan St San Francisco CA 94117,1,1,open,2020-08-19
732,Edward,Edward@name.email,382 3rd Ave New York ND 10016,1,1,closed,2023-02-16
733,Andrew,Andrew@name.email,2914 M St NW Washington DE 20007,1,1,closed,2024-03-13
734,Robert,Robert@name.email,2010 Lincoln Way E Massillon OH 44646,1,1,closed,2020-10-29
735,Eric,Eric@name.email,7590 Chippewa Rd Cleveland OH 44141,1,1,open,2022-01-12
736,Jason,Jason@name.email,1545 Belcher Rd S Clearwater FL 33764,1,1,open,2019-06-10
737,Steven,Steven@name.email,5408 Queens Chapel Rd Hyattsville MD 20782,1,1,closed,2022-07-22
738,Ryan,Ryan@name.email,215 Annis Rd South Amherst OH 44001,1,1,closed,2020-07-22
739,Nicholas,Nicholas@name.email,3614 S 31st St Temple TX 76502,1,1,closed,2020-03-30
740,Kevin,Kevin@name.email,598 Madison Ave New York City ND 10022,1,1,closed,2018-06-16
741,Paul,Paul@name.email,806 S Main St Columbia TN 38401,1,1,open,2022-01-09
742,Timothy,Timothy@name.email,3907 Waring Rd Oceanside CA 92056,1,1,closed,2024-07-03
743,William,William@name.email,17611 NE 70th St # 101 Redmond WA 98052,1,1,open,2024-05-22
744,Timothy,Timothy@name.email,3907 Waring Rd Oceanside CA 92056,1,1,closed,2018-10-18
745,Eric,Eric@name.email,7590 Chippewa Rd Cleveland OH 44141,1,1,closed,2022-07-16
746,Edward,Edward@name.email,382 3rd Ave New York ND 10016,1,1,closed,2020-10-04
747,Joseph,Joseph@name.email,3200 Vegas Plaza Dr Las Vegas NC 89109,1,1,closed,2021-10-06
748,Ryan,Ryan@name.email,215 Annis Rd South Amherst OH 44001,1,1,closed,2023-03-03
749,Ronald,Ronald@name.email,1195 65th St Emeryville CA 94608,1,1,closed,2022-06-12
750,Mark,Mark@name.email,11210 Hickory Trail Ln Charlotte NE 28277,1,1,closed,2018-06-21
751,Thomas,Thomas@name.email,576 Ohio Ln Burr Ridge IN 60527,1,1,open,2021-07-29
752,Nicholas,Nicholas@name.email,3614 S 31st St Temple TX 76502,1,1,open,2019-03-27
753,Jason,Jason@name.email,1545 Belcher Rd S Clearwater FL 33764,1,1,open,2018-04-28
754,Thomas,Thomas@name.email,576 Ohio Ln Burr Ridge IN 60527,1,1,closed,2018-02-19
755,John,John@name.email,114 Henderson St Chapel Hill NE 27514,1,1,open,2021-11-02
756,Matthew,Matthew@name.email,750 Stanyan St San Francisco CA 94117,1,1,closed,2021-08-12
757,Kenneth,Kenneth@name.email,3015 Pittsburgh Mills Blvd Tarentum PA 15084,1,1,open,2020-08-26
758,George,George@name.email,2320 Frank St Eau Claire WV 54703,1,1,closed,2018-06-26
759,Nicholas,Nicholas@name.email,3614 S 31st St Temple TX 76502,1,1,open,2021-03-03
760,Joseph,Joseph@name.email,3200 Vegas Plaza Dr Las Vegas NC 89109,1,1,closed,2022-09-16
761,George,George@name.email,2320 Frank St Eau Claire WV 54703,1,1,closed,2024-12-10
762,Thomas,Thomas@name.email,576 Ohio Ln Burr Ridge IN 60527,1,1,closed,2023-07-05
763,Kevin,Kevin@name.email,598 Madison Ave New York City ND 10022,1,1,closed,2023-06-27
764,John,John@name.email,114 Henderson St Chapel Hill NE 27514,1,1,open,2021-09-04
765,Jeffrey,Jeffrey@name.email,3229 Old Goldie Rd Oak Harbor WA 98277,1,1,open,2021-03-10
766,Kevin,Kevin@name.email,598 Madison Ave New York City ND 10022,1,1,closed,2019-08-29
767,John,John@name.email,114 Henderson St Chapel Hill NE 27514,1,1,open,2021-07-31
768,Eric,Eric@name.email,7590 Chippewa Rd Cleveland OH 44141,1,1,open,2021-04-21
769,Robert,Robert@name.email,2010 Lincoln Way E Massillon OH 44646,1,1,closed,2021-01-24
770,Edward,Edward@name.email,382 3rd Ave New York ND 10016,1,1,closed,2019-04-17
771,Ryan,Ryan@name.email,215 Annis Rd South Amherst OH 44001,1,1,open,2023-11-28
772,Matthew,Matthew@name.email,750 Stanyan St San Francisco CA 94117,1,1,closed,2018-01-05
773,Donald,Donald@name.email,710 S Main St Mt Vernon OH 43050,1,1,closed,2018-06-15
774,George,George@name.email,2320 Frank St Eau Claire WV 54703,1,1,open,2020-11-06
775,Nicholas,Nicholas@name.email,3614 S 31st St Temple TX 76502,1,1,open,2024-01-07
776,Eric,Eric@name.email,7590 Chippewa Rd Cleveland OH 44141,1,1,open,2024-03-31
777,George,George@name.email,2320 Frank St Eau Claire WV 54703,1,1,open,2018-11-14
778,Charles,Charles@name.email,105 S Saginaw St Holly MI 48442,1,1,closed,2024-03-12
779,Kevin,Kevin@name.email,598 Madison Ave New York City ND 10022,1,1,closed,2022-04-01
780,Joseph,Joseph@name.email,3200 Vegas Plaza Dr Las Vegas NC 89109,1,1,open,2023-05-12
781,Mark,Mark@name.email,11210 Hickory Trail Ln Charlotte NE 28277,1,1,closed,2024-11-16
782,Timothy,Timothy@name.email,3907 Waring Rd Oceanside CA 92056,1,1,closed,2022-01-30
783,Brian,Brian@name.email,107 Trosclair Ln Dulac LA 70353,1,1,closed,2021-06-16
784,Joseph,Joseph@name.email,3200 Vegas Plaza Dr Las Vegas NC 89109,1,1,open,2024-02-09
785,John,John@name.email,114 Henderson St Chapel Hill NE 27514,1,1,closed,2019-09-14
786,James,James@name.email,37273 some road realtown KS 69274,1,1,closed,2020-05-15
787,Charles,Charles@name.email,105 S Saginaw St Holly MI 48442,1,1,open,2021-12-03
788,Daniel,Daniel@name.email,10433 SE Carr Rd #338 Renton WA 98055,1,1,closed,2018-07-23
789,Nicholas,Nicholas@name.email,3614 S 31st St Temple TX 76502,1,1,open,2018-09-12
790,Donald,Donald@name.email,710 S Main St Mt Vernon OH 43050,1,1,open,2018-05-11
791,Daniel,Daniel@name.email,10433 SE Carr Rd #338 Renton WA 98055,1,1,open,2022-02-05
792,Brian,Brian@name.email,107 Trosclair Ln Dulac LA 70353,1,1,closed,2024-10-07
793,Joseph,Joseph@name.email,3200 Vegas Plaza Dr Las Vegas NC 89109,1,1,open,2022-10-28
794,Donald,Donald@name.email,710 S Main St Mt Vernon OH 43050,1,1,closed,2021-01-15
795,George,George@name.email,2320 Frank St Eau Claire WV 54703,1,1,open,2022-12-18
796,Nicholas,Nicholas@name.email,3614 S 31st St Temple TX 76502,1,1,closed,2021-11-21
797,Jason,Jason@name.email,1545 Belcher Rd S Clearwater FL 33764,1,1,closed,2024-10-02
798,Daniel,Daniel@name.email,10433 SE Carr Rd #338 Renton WA 98055,1,1,closed,2019-07-08
799,James,James@name.email,37273 some road realtown KS 69274,1,1,closed,2019-12-27
800,Robert,Robert@name.email,2010 Lincoln Way E Massillon OH 44646,1,1,open,2022-06-01
